MetroArea.1.1,MetroArea.1.2,MetroArea.1.3,MetroArea.1.4,MetroArea.1.5,MetroArea.1.6,MetroArea.2.1,MetroArea.2.2,MetroArea.2.3,MetroArea.2.4,TargetEthnicity,EthnicPop,MetroPop
Atlanta,,,,,, GA,,,,Africa,42590,5612777
Baltimore,,,,,, MD,,,,Africa,21659,2780873
Boston,,,,,, MA,,,,Africa,40453,4728844
Charlotte,,,,,, NC,,,,Africa,2061,2381152
Chicago,,,,,, IL,,,,Africa,22783,9528396
Columbus,,,,,, OH,,,,Africa,6625,1995004
Dallas,,,,,, TX,,,,Africa,46587,6957123
Denver,,,,,, CO,,,,Africa,9477,2752056
Houston,,,,,, TX,,,,Africa,47967,6482592
Kansas City,,,,,, MO,,,,Africa,5016,2070147
Las Vegas,,,,,, NV,,,,Africa,7964,2070153
Los Angeles,,,,,, CA,,,,Africa,42644,13189366
Miami,,,,,, FL,,,,Africa,7371,5926955
St. Paul,,,,,, MN,,,,Africa,39030,3488436
Nashville,,,,,, TN,,,,Africa,6958,1794570
New York,,,,,, NY,,,,Africa,110779,20031443
Philadelphia,,,,,, PA,,,,Africa,28487,6047721
Portland,,,,,, OR,,,,Africa,2105,2351319
Providence,,,,,, RI,,,,Africa,17057,1609359
San Diego,,,,,, CA,,,,Africa,4601,3253356
San Francisco,,,,,, CA,,,,Africa,13997,4577530
San Jose,,,,,, CA,,,,Africa,3510,1943107
Seattle,,,,,, WA,,,,Africa,22252,3671095
Tampa,,,,,, FL,,,,Africa,2848,2927714
Washington,,,,,, DC,,,,Africa,101726,6011752
Philadelphia,,,,,, PA,,,,Albania,5126,6047721
Akron,,,,,, OH,,,,Asia (East South and Southeast),3058,703168
Albany,,,,,, NY,,,,Asia (East South and Southeast),7282,879291
Albuquerque,,,,,, NM,,,,Asia (East South and Southeast),2385,904486
Atlanta,,,,,, GA,,,,Asia (East South and Southeast),32740,5612777
Bakersfield,,,,,, CA,,,,Asia (East South and Southeast),2024,871337
Birmingham,,,,,, AL,,,,Asia (East South and Southeast),2577,1141309
Bloomington,,,,,, IN,,,,Asia (East South and Southeast),3695,164330
Boston,,,,,, MA,,,,Asia (East South and Southeast),91567,4728844
Bridgeport,,,,,, CT,,,,Asia (East South and Southeast),6758,941618
Buffalo,,,,,, NY,,,,Asia (East South and Southeast),5270,1135503
Charlotte,,,,,, NC,,,,Asia (East South and Southeast),5956,2381152
Chicago,,,,,, IL,,,,Asia (East South and Southeast),75637,9528396
Cleveland,,,,,, OH,,,,Asia (East South and Southeast),8436,2061630
Columbus,,,,,, OH,,,,Asia (East South and Southeast),11851,1995004
Dallas,,,,,, TX,,,,Asia (East South and Southeast),40802,6957123
Denver,,,,,, CO,,,,Asia (East South and Southeast),12947,2752056
Detroit,,,,,, MI,,,,Asia (East South and Southeast),18091,4296731
Fresno,,,,,, CA,,,,Asia (East South and Southeast),3051,963160
Grand Rapids,,,,,, MI,,,,Asia (East South and Southeast),2504,1028173
Houston,,,,,, TX,,,,Asia (East South and Southeast),63884,6482592
Kansas City,,,,,, MO,,,,Asia (East South and Southeast),6459,2070147
Las Vegas,,,,,, NV,,,,Asia (East South and Southeast),20774,2070153
Lincoln,,,,,, NE,,,,Asia (East South and Southeast),2104,318820
Los Angeles,,,,,, CA,,,,Asia (East South and Southeast),357325,13189366
Madison,,,,,, WI,,,,Asia (East South and Southeast),5881,634269
Manchester,,,,,, NH,,,,Asia (East South and Southeast),2033,404948
Miami,,,,,, FL,,,,Asia (East South and Southeast),20723,5926955
St. Paul,,,,,, MN,,,,Asia (East South and Southeast),16085,3488436
Nashville,,,,,, TN,,,,Asia (East South and Southeast),4667,1794570
New Orleans,,,,,, LA,,,,Asia (East South and Southeast),3176,1250247
New York,,,,,, NY,,,,Asia (East South and Southeast),530262,20031443
Oklahoma City,,,,,, OK,,,,Asia (East South and Southeast),4285,1337075
Omaha,,,,,, NE,,,,Asia (East South and Southeast),2052,904834
Orlando,,,,,, FL,,,,Asia (East South and Southeast),9177,2328508
Oxnard,,,,,, CA,,,,Asia (East South and Southeast),6205,843110
Philadelphia,,,,,, PA,,,,Asia (East South and Southeast),54376,6047721
Phoenix,,,,,, AZ,,,,Asia (East South and Southeast),18636,4486153
Pittsburgh,,,,,, PA,,,,Asia (East South and Southeast),11014,2354926
Portland,,,,,, OR,,,,Asia (East South and Southeast),19119,2351319
Providence,,,,,, RI,,,,Asia (East South and Southeast),7639,1609359
Raleigh,,,,,, NC,,,,Asia (East South and Southeast),8918,1243720
Richmond,,,,,, VA,,,,Asia (East South and Southeast),4580,1258158
Riverside,,,,,, CA,,,,Asia (East South and Southeast),43496,4430646
Rochester,,,,,, NY,,,,Asia (East South and Southeast),5718,1082226
Sacramento,,,,,, CA,,,,Asia (East South and Southeast),34014,2242542
Salt Lake City,,,,,, UT,,,,Asia (East South and Southeast),5182,1154504
San Antonio,,,,,, TX,,,,Asia (East South and Southeast),4864,2332345
San Diego,,,,,, CA,,,,Asia (East South and Southeast),37726,3253356
San Francisco,,,,,, CA,,,,Asia (East South and Southeast),293074,4577530
San Jose,,,,,, CA,,,,Asia (East South and Southeast),112577,1943107
Santa Cruz,,,,,, CA,,,,Asia (East South and Southeast),2089,270931
Santa Maria,,,,,, CA,,,,Asia (East South and Southeast),3355,439395
Santa Rosa,,,,,, CA,,,,Asia (East South and Southeast),2746,497776
Seattle,,,,,, WA,,,,Asia (East South and Southeast),69490,3671095
Springfield,,,,,, MA,,,,Asia (East South and Southeast),3546,629107
St. Louis,,,,,, MO,,,,Asia (East South and Southeast),11041,2803449
Stockton,,,,,, CA,,,,Asia (East South and Southeast),4956,714860
Syracuse,,,,,, NY,,,,Asia (East South and Southeast),3692,660652
Tampa,,,,,, FL,,,,Asia (East South and Southeast),7555,2927714
Trenton,,,,,, NJ,,,,Asia (East South and Southeast),7110,371101
Urban Honolulu,,,,,, HI,,,,Asia (East South and Southeast),23218,986999
Vallejo,,,,,, CA,,,,Asia (East South and Southeast),2768,429596
Newport News,,,,,, VA,,,,Asia (East South and Southeast),5590,1714428
Washington,,,,,, DC,,,,Asia (East South and Southeast),87836,6011752
Atlanta,,,,,, GA,,,,Bangladesh,4879,5612777
Boston,,,,,, MA,,,,Bangladesh,3013,4728844
Chicago,,,,,, IL,,,,Bangladesh,3284,9528396
Dallas,,,,,, TX,,,,Bangladesh,6269,6957123
Houston,,,,,, TX,,,,Bangladesh,3567,6482592
Los Angeles,,,,,, CA,,,,Bangladesh,7252,13189366
Miami,,,,,, FL,,,,Bangladesh,3839,5926955
New York,,,,,, NY,,,,Bangladesh,96168,20031443
Philadelphia,,,,,, PA,,,,Bangladesh,6975,6047721
San Francisco,,,,,, CA,,,,Bangladesh,2294,4577530
Washington,,,,,, DC,,,,Bangladesh,11869,6011752
Boston,,,,,, MA,,,,Bulgaria,2135,4728844
Chicago,,,,,, IL,,,,Bulgaria,10326,9528396
Las Vegas,,,,,, NV,,,,Bulgaria,2604,2070153
Los Angeles,,,,,, CA,,,,Bulgaria,3250,13189366
New York,,,,,, NY,,,,Bulgaria,8086,20031443
San Francisco,,,,,, CA,,,,Bulgaria,2573,4577530
Washington,,,,,, DC,,,,Bulgaria,2623,6011752
Atlanta,,,,,, GA,,,,Burma/Myanmar,3965,5612777
Buffalo,,,,,, NY,,,,Burma/Myanmar,2710,1135503
Chicago,,,,,, IL,,,,Burma/Myanmar,3709,9528396
Dallas,,,,,, TX,,,,Burma/Myanmar,4602,6957123
Fort Wayne,,,,,, IN,,,,Burma/Myanmar,3335,426755
Houston,,,,,, TX,,,,Burma/Myanmar,2489,6482592
Los Angeles,,,,,, CA,,,,Burma/Myanmar,8952,13189366
St. Paul,,,,,, MN,,,,Burma/Myanmar,5302,3488436
New York,,,,,, NY,,,,Burma/Myanmar,8421,20031443
Omaha,,,,,, NE,,,,Burma/Myanmar,2195,904834
San Francisco,,,,,, CA,,,,Burma/Myanmar,10104,4577530
Tulsa,,,,,, OK,,,,Burma/Myanmar,2171,970603
Washington,,,,,, DC,,,,Burma/Myanmar,3023,6011752
Atlanta,,,,,, GA,,,,Cambodia,2536,5612777
Boston,,,,,, MA,,,,Cambodia,12107,4728844
Chicago,,,,,, IL,,,,Cambodia,2318,9528396
Dallas,,,,,, TX,,,,Cambodia,3185,6957123
Fresno,,,,,, CA,,,,Cambodia,2063,963160
Houston,,,,,, TX,,,,Cambodia,3528,6482592
Los Angeles,,,,,, CA,,,,Cambodia,29437,13189366
St. Paul,,,,,, MN,,,,Cambodia,3378,3488436
Modesto,,,,,, CA,,,,Cambodia,2163,530561
New York,,,,,, NY,,,,Cambodia,3449,20031443
Philadelphia,,,,,, PA,,,,Cambodia,7092,6047721
Portland,,,,,, OR,,,,Cambodia,3194,2351319
Providence,,,,,, RI,,,,Cambodia,3469,1609359
Riverside,,,,,, CA,,,,Cambodia,4033,4430646
San Diego,,,,,, CA,,,,Cambodia,3470,3253356
San Francisco,,,,,, CA,,,,Cambodia,4060,4577530
San Jose,,,,,, CA,,,,Cambodia,3339,1943107
Seattle,,,,,, WA,,,,Cambodia,10543,3671095
Stockton,,,,,, CA,,,,Cambodia,4838,714860
Washington,,,,,, DC,,,,Cambodia,4370,6011752
Chicago,,,,,, IL,,,,Croatia,4384,9528396
Cleveland,,,,,, OH,,,,Croatia,2031,2061630
Los Angeles,,,,,, CA,,,,Croatia,2264,13189366
New York,,,,,, NY,,,,Croatia,8567,20031443
Chicago,,,,,, IL,,,,Czech Republic,5204,9528396
Los Angeles,,,,,, CA,,,,Czech Republic,3848,13189366
Miami,,,,,, FL,,,,Czech Republic,2195,5926955
New York,,,,,, NY,,,,Czech Republic,12046,20031443
San Francisco,,,,,, CA,,,,Czech Republic,2265,4577530
Washington,,,,,, DC,,,,Czech Republic,2126,6011752
New York,,,,,, NY,,,,Denmark,2821,20031443
Boston,,,,,, MA,,,,Hmong,7505,4728844
Chicago,,,,,, IL,,,,Hmong,5539,9528396
Dallas,,,,,, TX,,,,Hmong,2345,6957123
Houston,,,,,, TX,,,,Hmong,4665,6482592
Los Angeles,,,,,, CA,,,,Hmong,32664,13189366
Miami,,,,,, FL,,,,Hmong,2178,5926955
New York,,,,,, NY,,,,Hmong,46662,20031443
Philadelphia,,,,,, PA,,,,Hmong,2718,6047721
Riverside,,,,,, CA,,,,Hmong,2456,4430646
Sacramento,,,,,, CA,,,,Hmong,3823,2242542
San Diego,,,,,, CA,,,,Hmong,2897,3253356
San Francisco,,,,,, CA,,,,Hmong,42334,4577530
San Jose,,,,,, CA,,,,Hmong,10878,1943107
Seattle,,,,,, WA,,,,Hmong,7763,3671095
Urban Honolulu,,,,,, HI,,,,Hmong,3509,986999
Washington,,,,,, DC,,,,Hmong,5041,6011752
Akron,,,,,, OH,,,,India,3121,703168
Albany,,,,,, NY,,,,India,5762,879291
Atlanta,,,,,, GA,,,,India,65328,5612777
Bakersfield,,,,,, CA,,,,India,7438,871337
Baltimore,,,,,, MD,,,,India,24519,2780873
Baton Rouge,,,,,, LA,,,,India,2213,824667
Bloomington,,,,,, IL,,,,India,5360,189576
Boston,,,,,, MA,,,,India,49955,4728844
Boulder,,,,,, CO,,,,India,2362,313961
Bridgeport,,,,,, CT,,,,India,12753,941618
Buffalo,,,,,, NY,,,,India,5201,1135503
Charlotte,,,,,, NC,,,,India,22350,2381152
Chicago,,,,,, IL,,,,India,133067,9528396
Cincinnati,,,,,, OH,,,,India,12657,2146410
Cleveland,,,,,, OH,,,,India,10827,2061630
Columbus,,,,,, IN,,,,India,2293,80203
Columbus,,,,,, OH,,,,India,17903,1995004
Dallas,,,,,, TX,,,,India,90384,6957123
Denver,,,,,, CO,,,,India,13254,2752056
Fresno,,,,,, CA,,,,India,13310,963160
Grand Rapids,,,,,, MI,,,,India,2232,1028173
Houston,,,,,, TX,,,,India,79172,6482592
Kansas City,,,,,, MO,,,,India,9560,2070147
Knoxville,,,,,, TN,,,,India,2351,857111
Las Vegas,,,,,, NV,,,,India,5293,2070153
Los Angeles,,,,,, CA,,,,India,85943,13189366
Madison,,,,,, WI,,,,India,3771,634269
Manchester,,,,,, NH,,,,India,4108,404948
Merced,,,,,, CA,,,,India,3149,265001
Miami,,,,,, FL,,,,India,22534,5926955
St. Paul,,,,,, MN,,,,India,26214,3488436
Modesto,,,,,, CA,,,,India,4472,530561
Nashville,,,,,, TN,,,,India,9040,1794570
New Orleans,,,,,, LA,,,,India,2901,1250247
New York,,,,,, NY,,,,India,345130,20031443
Oklahoma City,,,,,, OK,,,,India,4807,1337075
Omaha,,,,,, NE,,,,India,4061,904834
Orlando,,,,,, FL,,,,India,12438,2328508
Oxnard,,,,,, CA,,,,India,8375,843110
Peoria,,,,,, IL,,,,India,3185,379241
Philadelphia,,,,,, PA,,,,India,72673,6047721
Phoenix,,,,,, AZ,,,,India,29859,4486153
Pittsburgh,,,,,, PA,,,,India,11812,2354926
Portland,,,,,, OR,,,,India,13088,2351319
Providence,,,,,, RI,,,,India,6798,1609359
Raleigh,,,,,, NC,,,,India,19480,1243720
Richmond,,,,,, VA,,,,India,10898,1258158
Riverside,,,,,, CA,,,,India,15968,4430646
Rochester,,,,,, NY,,,,India,4283,1082226
Sacramento,,,,,, CA,,,,India,25949,2242542
Salt Lake City,,,,,, UT,,,,India,4738,1154504
San Antonio,,,,,, TX,,,,India,8975,2332345
San Diego,,,,,, CA,,,,India,22010,3253356
San Francisco,,,,,, CA,,,,India,108685,4577530
San Jose,,,,,, CA,,,,India,110449,1943107
Seattle,,,,,, WA,,,,India,56416,3671095
Springfield,,,,,, MA,,,,India,2203,629107
St. Louis,,,,,, MO,,,,India,13554,2803449
Stockton,,,,,, CA,,,,India,11658,714860
Syracuse,,,,,, NY,,,,India,2014,660652
Tallahassee,,,,,, FL,,,,India,2428,376337
Tampa,,,,,, FL,,,,India,18205,2927714
Trenton,,,,,, NJ,,,,India,11834,371101
Vallejo,,,,,, CA,,,,India,2981,429596
Newport News,,,,,, VA,,,,India,3981,1714428
Washington,,,,,, DC,,,,India,93583,6011752
Yuba City,,,,,, CA,,,,India,6774,169303
Atlanta,,,,,, GA,,,,Japan,5628,5612777
Boston,,,,,, MA,,,,Japan,6370,4728844
Chicago,,,,,, IL,,,,Japan,9508,9528396
Cincinnati,,,,,, OH,,,,Japan,2304,2146410
Columbus,,,,,, OH,,,,Japan,2643,1995004
Dallas,,,,,, TX,,,,Japan,3875,6957123
Denver,,,,,, CO,,,,Japan,2169,2752056
Houston,,,,,, TX,,,,Japan,4347,6482592
Las Vegas,,,,,, NV,,,,Japan,4009,2070153
Los Angeles,,,,,, CA,,,,Japan,48372,13189366
Miami,,,,,, FL,,,,Japan,2472,5926955
New York,,,,,, NY,,,,Japan,36775,20031443
Philadelphia,,,,,, PA,,,,Japan,2847,6047721
Phoenix,,,,,, AZ,,,,Japan,3205,4486153
Portland,,,,,, OR,,,,Japan,4865,2351319
Riverside,,,,,, CA,,,,Japan,4798,4430646
Sacramento,,,,,, CA,,,,Japan,3741,2242542
San Diego,,,,,, CA,,,,Japan,11150,3253356
San Francisco,,,,,, CA,,,,Japan,17668,4577530
San Jose,,,,,, CA,,,,Japan,11540,1943107
Seattle,,,,,, WA,,,,Japan,12811,3671095
Honolulu,,,,,, HI,,,,Japan,20489,986999
Washington,,,,,, DC,,,,Japan,8022,6011752
Albany,,,,,, NY,,,,Korea,2750,879291
Anchorage,,,,,, AK,,,,Korea,2947,398000
Atlanta,,,,,, GA,,,,Korea,34349,5612777
Austin,,,,,, TX,,,,Korea,4950,1942615
Baltimore,,,,,, MD,,,,Korea,19238,2780873
Boston,,,,,, MA,,,,Korea,14351,4728844
Bridgeport,,,,,, CT,,,,Korea,2377,941618
Charlotte,,,,,, NC,,,,Korea,3260,2381152
Chicago,,,,,, IL,,,,Korea,38310,9528396
Cincinnati,,,,,, OH,,,,Korea,2050,2146410
Cleveland,,,,,, OH,,,,Korea,2509,2061630
Colorado Springs,,,,,, CO,,,,Korea,3623,688643
Columbus,,,,,, OH,,,,Korea,3903,1995004
Dallas,,,,,, TX,,,,Korea,23014,6957123
Denver,,,,,, CO,,,,Korea,9555,2752056
Grand Rapids,,,,,, MI,,,,Korea,2383,1028173
Houston,,,,,, TX,,,,Korea,11761,6482592
Kansas City,,,,,, MO,,,,Korea,3714,2070147
Las Vegas,,,,,, NV,,,,Korea,9676,2070153
Los Angeles,,,,,, CA,,,,Korea,220673,13189366
Madison,,,,,, WI,,,,Korea,2034,634269
Miami,,,,,, FL,,,,Korea,3613,5926955
St. Paul,,,,,, MN,,,,Korea,10738,3488436
Montgomery,,,,,, AL,,,,Korea,2104,373963
Nashville,,,,,, TN,,,,Korea,3072,1794570
New York,,,,,, NY,,,,Korea,147913,20031443
Oklahoma City,,,,,, OK,,,,Korea,2463,1337075
Orlando,,,,,, FL,,,,Korea,4563,2328508
Oxnard,,,,,, CA,,,,Korea,2610,843110
Philadelphia,,,,,, PA,,,,Korea,24745,6047721
Phoenix,,,,,, AZ,,,,Korea,7994,4486153
Pittsburgh,,,,,, PA,,,,Korea,3286,2354926
Portland,,,,,, OR,,,,Korea,9195,2351319
Raleigh,,,,,, NC,,,,Korea,3457,1243720
Richmond,,,,,, VA,,,,Korea,2989,1258158
Riverside,,,,,, CA,,,,Korea,17973,4430646
Rochester,,,,,, NY,,,,Korea,2023,1082226
Sacramento,,,,,, CA,,,,Korea,7941,2242542
Salt Lake City,,,,,, UT,,,,Korea,2410,1154504
San Antonio,,,,,, TX,,,,Korea,2902,2332345
San Diego,,,,,, CA,,,,Korea,15067,3253356
San Francisco,,,,,, CA,,,,Korea,29325,4577530
San Jose,,,,,, CA,,,,Korea,21099,1943107
Seattle,,,,,, WA,,,,Korea,37651,3671095
St. Louis,,,,,, MO,,,,Korea,4198,2803449
Tampa,,,,,, FL,,,,Korea,4074,2927714
Trenton,,,,,, NJ,,,,Korea,2137,371101
Honolulu,,,,,, HI,,,,Korea,14790,986999
Newport News,,,,,, VA,,,,Korea,3937,1714428
Washington,,,,,, DC,,,,Korea,59212,6011752
Atlanta,,,,,, GA,,,,Laos,3860,5612777
Boston,,,,,, MA,,,,Laos,2039,4728844
Charlotte,,,,,, NC,,,,Laos,2313,2381152
Chicago,,,,,, IL,,,,Laos,2608,9528396
Dallas,,,,,, TX,,,,Laos,5538,6957123
Denver,,,,,, CO,,,,Laos,2182,2752056
Fresno,,,,,, CA,,,,Laos,11918,963160
Los Angeles,,,,,, CA,,,,Laos,5293,13189366
St. Paul,,,,,, MN,,,,Laos,23402,3488436
Nashville,,,,,, TN,,,,Laos,3792,1794570
Portland,,,,,, OR,,,,Laos,3651,2351319
Riverside,,,,,, CA,,,,Laos,2703,4430646
Sacramento,,,,,, CA,,,,Laos,11907,2242542
San Diego,,,,,, CA,,,,Laos,5170,3253356
San Francisco,,,,,, CA,,,,Laos,5029,4577530
Seattle,,,,,, WA,,,,Laos,5400,3671095
Stockton,,,,,, CA,,,,Laos,3264,714860
Tampa,,,,,, FL,,,,Laos,2172,2927714
Washington,,,,,, DC,,,,Laos,2682,6011752
Albany,,,,,, NY,,,,Pakistan,2181,879291
Atlanta,,,,,, GA,,,,Pakistan,9192,5612777
Austin,,,,,, TX,,,,Pakistan,3476,1942615
Baltimore,,,,,, MD,,,,Pakistan,8409,2780873
Boston,,,,,, MA,,,,Pakistan,3689,4728844
Chicago,,,,,, IL,,,,Pakistan,25508,9528396
Dallas,,,,,, TX,,,,Pakistan,15679,6957123
Houston,,,,,, TX,,,,Pakistan,28622,6482592
Los Angeles,,,,,, CA,,,,Pakistan,13091,13189366
Miami,,,,,, FL,,,,Pakistan,6087,5926955
New York,,,,,, NY,,,,Pakistan,78119,20031443
Orlando,,,,,, FL,,,,Pakistan,3587,2328508
Philadelphia,,,,,, PA,,,,Pakistan,8262,6047721
Riverside,,,,,, CA,,,,Pakistan,4473,4430646
Sacramento,,,,,, CA,,,,Pakistan,5646,2242542
San Francisco,,,,,, CA,,,,Pakistan,8580,4577530
San Jose,,,,,, CA,,,,Pakistan,4095,1943107
Seattle,,,,,, WA,,,,Pakistan,3432,3671095
St. Louis,,,,,, MO,,,,Pakistan,2172,2803449
Stockton,,,,,, CA,,,,Pakistan,4040,714860
Tampa,,,,,, FL,,,,Pakistan,2141,2927714
Washington,,,,,, DC,,,,Pakistan,28677,6011752
Anchorage,,,,,, AK,,,,Philippines,8712,398000
Atlanta,,,,,, GA,,,,Philippines,9565,5612777
Austin,,,,,, TX,,,,Philippines,4657,1942615
Bakersfield,,,,,, CA,,,,Philippines,10584,871337
Baltimore,,,,,, MD,,,,Philippines,14378,2780873
Boston,,,,,, MA,,,,Philippines,8626,4728844
Bridgeport,,,,,, CT,,,,Philippines,3599,941618
Charlotte,,,,,, NC,,,,Philippines,3403,2381152
Chicago,,,,,, IL,,,,Philippines,81586,9528396
Cincinnati,,,,,, OH,,,,Philippines,2838,2146410
Cleveland,,,,,, OH,,,,Philippines,2626,2061630
Colorado Springs,,,,,, CO,,,,Philippines,2555,688643
Columbus,,,,,, OH,,,,Philippines,2739,1995004
Dallas,,,,,, TX,,,,Philippines,24320,6957123
Denver,,,,,, CO,,,,Philippines,5112,2752056
Fresno,,,,,, CA,,,,Philippines,6082,963160
Houston,,,,,, TX,,,,Philippines,38464,6482592
Kansas City,,,,,, MO,,,,Philippines,3444,2070147
Las Vegas,,,,,, NV,,,,Philippines,70555,2070153
Los Angeles,,,,,, CA,,,,Philippines,293077,13189366
Miami,,,,,, FL,,,,Philippines,15792,5926955
St. Paul,,,,,, MN,,,,Philippines,6354,3488436
Modesto,,,,,, CA,,,,Philippines,3686,530561
Napa,,,,,, CA,,,,Philippines,4334,140823
Nashville,,,,,, TN,,,,Philippines,2236,1794570
New York,,,,,, NY,,,,Philippines,154674,20031443
Oklahoma City,,,,,, OK,,,,Philippines,2047,1337075
Orlando,,,,,, FL,,,,Philippines,12646,2328508
Oxnard,,,,,, CA,,,,Philippines,14377,843110
Philadelphia,,,,,, PA,,,,Philippines,19078,6047721
Phoenix,,,,,, AZ,,,,Philippines,22260,4486153
Pittsburgh,,,,,, PA,,,,Philippines,2035,2354926
Portland,,,,,, OR,,,,Philippines,10721,2351319
Providence,,,,,, RI,,,,Philippines,2773,1609359
Raleigh,,,,,, NC,,,,Philippines,2500,1243720
Reno,,,,,, NV,,,,Philippines,7603,443855
Richmond,,,,,, VA,,,,Philippines,2818,1258158
Riverside,,,,,, CA,,,,Philippines,62177,4430646
Sacramento,,,,,, CA,,,,Philippines,36839,2242542
Salinas,,,,,, CA,,,,Philippines,7436,430201
Salt Lake City,,,,,, UT,,,,Philippines,2152,1154504
San Antonio,,,,,, TX,,,,Philippines,9305,2332345
San Diego,,,,,, CA,,,,Philippines,100564,3253356
San Francisco,,,,,, CA,,,,Philippines,162737,4577530
San Jose,,,,,, CA,,,,Philippines,60006,1943107
Santa Maria,,,,,, CA,,,,Philippines,4448,439395
Santa Rosa,,,,,, CA,,,,Philippines,2332,497776
Seattle,,,,,, WA,,,,Philippines,47794,3671095
St. Louis,,,,,, MO,,,,Philippines,5343,2803449
Stockton,,,,,, CA,,,,Philippines,22062,714860
Tampa,,,,,, FL,,,,Philippines,12042,2927714
Honolulu,,,,,, HI,,,,Philippines,81060,986999
Vallejo,,,,,, CA,,,,Philippines,28386,429596
Newport News,,,,,, VA,,,,Philippines,20918,1714428
Porterville,,,,,, CA,,,,Philippines,4071,455769
Washington,,,,,, DC,,,,Philippines,48497,6011752
Los Angeles,,,,,, CA,,,,Sri Lanka,7116,13189366
New York,,,,,, NY,,,,Sri Lanka,7636,20031443
Washington,,,,,, DC,,,,Sri Lanka,3491,6011752
Atlanta,,,,,, GA,,,,Taiwan,4996,5612777
Austin,,,,,, TX,,,,Taiwan,3024,1942615
Baltimore,,,,,, MD,,,,Taiwan,2207,2780873
Boston,,,,,, MA,,,,Taiwan,7082,4728844
Chicago,,,,,, IL,,,,Taiwan,8157,9528396
Dallas,,,,,, TX,,,,Taiwan,9273,6957123
Denver,,,,,, CO,,,,Taiwan,2033,2752056
Houston,,,,,, TX,,,,Taiwan,12104,6482592
Las Vegas,,,,,, NV,,,,Taiwan,3501,2070153
Los Angeles,,,,,, CA,,,,Taiwan,88590,13189366
Miami,,,,,, FL,,,,Taiwan,2403,5926955
New York,,,,,, NY,,,,Taiwan,42585,20031443
Philadelphia,,,,,, PA,,,,Taiwan,4222,6047721
Phoenix,,,,,, AZ,,,,Taiwan,2621,4486153
Portland,,,,,, OR,,,,Taiwan,3156,2351319
Riverside,,,,,, CA,,,,Taiwan,10697,4430646
Sacramento,,,,,, CA,,,,Taiwan,3584,2242542
San Diego,,,,,, CA,,,,Taiwan,7435,3253356
San Francisco,,,,,, CA,,,,Taiwan,28045,4577530
San Jose,,,,,, CA,,,,Taiwan,28101,1943107
Seattle,,,,,, WA,,,,Taiwan,11208,3671095
Urban Honolulu,,,,,, HI,,,,Taiwan,2618,986999
Washington,,,,,, DC,,,,Taiwan,12394,6011752
Anchorage,,,,,, AK,,,,Thailand,2272,398000
Atlanta,,,,,, GA,,,,Thailand,3845,5612777
Boston,,,,,, MA,,,,Thailand,4174,4728844
Chicago,,,,,, IL,,,,Thailand,5985,9528396
Dallas,,,,,, TX,,,,Thailand,4962,6957123
Denver,,,,,, CO,,,,Thailand,2345,2752056
Fresno,,,,,, CA,,,,Thailand,5525,963160
Houston,,,,,, TX,,,,Thailand,4568,6482592
Las Vegas,,,,,, NV,,,,Thailand,4870,2070153
Los Angeles,,,,,, CA,,,,Thailand,25688,13189366
Miami,,,,,, FL,,,,Thailand,3664,5926955
St. Paul,,,,,, MN,,,,Thailand,15658,3488436
New York,,,,,, NY,,,,Thailand,9217,20031443
Philadelphia,,,,,, PA,,,,Thailand,2262,6047721
Phoenix,,,,,, AZ,,,,Thailand,3484,4486153
Portland,,,,,, OR,,,,Thailand,3194,2351319
Riverside,,,,,, CA,,,,Thailand,5025,4430646
Sacramento,,,,,, CA,,,,Thailand,7613,2242542
San Diego,,,,,, CA,,,,Thailand,3061,3253356
San Francisco,,,,,, CA,,,,Thailand,8140,4577530
San Jose,,,,,, CA,,,,Thailand,2727,1943107
Seattle,,,,,, WA,,,,Thailand,6184,3671095
Stockton,,,,,, CA,,,,Thailand,3198,714860
Tampa,,,,,, FL,,,,Thailand,2427,2927714
Washington,,,,,, DC,,,,Thailand,8761,6011752
Albuquerque,,,,,, NM,,,,Vietnam,2915,904486
Atlanta,,,,,, GA,,,,Vietnam,29995,5612777
Austin,,,,,, TX,,,,Vietnam,12315,1942615
Baltimore,,,,,, MD,,,,Vietnam,4985,2780873
Baton Rouge,,,,,, LA,,,,Vietnam,3674,824667
Boston,,,,,, MA,,,,Vietnam,27769,4728844
Charlotte,,,,,, NC,,,,Vietnam,9305,2381152
Chicago,,,,,, IL,,,,Vietnam,16502,9528396
Cincinnati,,,,,, OH,,,,Vietnam,2833,2146410
Columbus,,,,,, OH,,,,Vietnam,2731,1995004
Dallas,,,,,, TX,,,,Vietnam,56374,6957123
Denver,,,,,, CO,,,,Vietnam,14174,2752056
Fresno,,,,,, CA,,,,Vietnam,2876,963160
Grand Rapids,,,,,, MI,,,,Vietnam,4548,1028173
Biloxi,,,,,, MS,,,,Vietnam,2826,385448
Houston,,,,,, TX,,,,Vietnam,80748,6482592
Kansas City,,,,,, MO,,,,Vietnam,5102,2070147
Las Vegas,,,,,, NV,,,,Vietnam,7573,2070153
Lincoln,,,,,, NE,,,,Vietnam,4082,318820
Los Angeles,,,,,, CA,,,,Vietnam,241586,13189366
Miami,,,,,, FL,,,,Vietnam,11370,5926955
St. Paul,,,,,, MN,,,,Vietnam,16204,3488436
Nashville,,,,,, TN,,,,Vietnam,2600,1794570
New Orleans,,,,,, LA,,,,Vietnam,11001,1250247
New York,,,,,, NY,,,,Vietnam,27176,20031443
Oklahoma City,,,,,, OK,,,,Vietnam,10515,1337075
Orlando,,,,,, FL,,,,Vietnam,9885,2328508
Oxnard,,,,,, CA,,,,Vietnam,3192,843110
Philadelphia,,,,,, PA,,,,Vietnam,26967,6047721
Phoenix,,,,,, AZ,,,,Vietnam,16149,4486153
Portland,,,,,, OR,,,,Vietnam,20749,2351319
Providence,,,,,, RI,,,,Vietnam,2370,1609359
Raleigh,,,,,, NC,,,,Vietnam,4408,1243720
Richmond,,,,,, VA,,,,Vietnam,4111,1258158
Riverside,,,,,, CA,,,,Vietnam,21249,4430646
Rochester,,,,,, NY,,,,Vietnam,2662,1082226
Sacramento,,,,,, CA,,,,Vietnam,24353,2242542
Salt Lake City,,,,,, UT,,,,Vietnam,4827,1154504
San Antonio,,,,,, TX,,,,Vietnam,4929,2332345
San Diego,,,,,, CA,,,,Vietnam,36019,3253356
San Francisco,,,,,, CA,,,,Vietnam,61154,4577530
San Jose,,,,,, CA,,,,Vietnam,101595,1943107
Seattle,,,,,, WA,,,,Vietnam,44463,3671095
Springfield,,,,,, MA,,,,Vietnam,2104,629107
St. Louis,,,,,, MO,,,,Vietnam,6819,2803449
Stockton,,,,,, CA,,,,Vietnam,4986,714860
Tampa,,,,,, FL,,,,Vietnam,11529,2927714
Tulsa,,,,,, OK,,,,Vietnam,2723,970603
Honolulu,,,,,, HI,,,,Vietnam,9209,986999
Newport News,,,,,, VA,,,,Vietnam,4082,1714428
Washington,,,,,, DC,,,,Vietnam,49183,6011752
Wichita,,,,,, KS,,,,Vietnam,7005,640505

